{"lr_issl": 4.64158883361278e-05, "lr_evaluator": 1.3924766500838338e-05, "trainer/global_step": 33, "_runtime": 85, "_timestamp": 1634794708, "_step": 10, "train/repr/loss": 8.23123836517334, "train/repr/decodability": 8.077388763427734, "train/repr/regularize": 0.15384946763515472, "train/repr/beta": 1.0, "train/repr/fit_pMlz_qMlz": 8.077388763427734, "train/repr/eval_loss": 2.006802558898926, "train/repr/eval_acc": 0.33984375, "train/repr/eval_err": 0.66015625, "epoch": 2, "val/repr/loss": 8.14449405670166, "val/repr/decodability": 8.104227066040039, "val/repr/regularize": 0.0402672104537487, "val/repr/beta": 1.0, "val/repr/fit_pMlz_qMlz": 8.104227066040039, "val/repr/eval_loss": 2.7571182250976562, "val/repr/eval_acc": 0.08984375, "val/repr/eval_err": 0.91015625, "test/repr/loss": 8.150765419006348, "test/repr/decodability": 8.133975982666016, "test/repr/regularize": 0.016789915040135384, "test/repr/beta": 1.0, "test/repr/fit_pMlz_qMlz": 8.133975982666016, "test/repr/eval_loss": 2.891842842102051, "test/repr/eval_acc": 0.109375, "test/repr/eval_err": 0.890625}