{"lr_issl": 4.64158883361278e-05, "lr_evaluator": 1.3924766500838338e-05, "trainer/global_step": 33, "_runtime": 86, "_timestamp": 1634924326, "_step": 10, "train/repr/loss": 8.136479377746582, "train/repr/decodability": 8.107168197631836, "train/repr/regularize": 0.029310837388038635, "train/repr/beta": 1.0, "train/repr/fit_pMlz_qMlz": 8.107168197631836, "train/repr/eval_loss": 2.0749292373657227, "train/repr/eval_acc": 0.28125, "train/repr/eval_err": 0.71875, "epoch": 2, "val/repr/loss": 8.121071815490723, "val/repr/decodability": 8.112857818603516, "val/repr/regularize": 0.008213639259338379, "val/repr/beta": 1.0, "val/repr/fit_pMlz_qMlz": 8.112857818603516, "val/repr/eval_loss": 2.7799458503723145, "val/repr/eval_acc": 0.099609375, "val/repr/eval_err": 0.900390625, "test/repr/loss": 8.176572799682617, "test/repr/decodability": 8.139517784118652, "test/repr/regularize": 0.037054456770420074, "test/repr/beta": 1.0, "test/repr/fit_pMlz_qMlz": 8.139517784118652, "test/repr/eval_loss": 2.9702234268188477, "test/repr/eval_acc": 0.109375, "test/repr/eval_err": 0.890625, "_wandb": {"runtime": 186}}