{"lr_issl": 4.64158883361278e-05, "lr_evaluator": 1.3924766500838338e-05, "trainer/global_step": 0, "_runtime": 221, "_timestamp": 1634768703, "_step": 11, "train/repr/loss": 8.14906120300293, "train/repr/decodability": 8.103401184082031, "train/repr/regularize": 0.04566015303134918, "train/repr/beta": 1.0, "train/repr/fit_pMlz_qMlz": 8.103401184082031, "train/repr/eval_loss": 2.0776243209838867, "train/repr/eval_acc": 0.28125, "train/repr/eval_err": 0.71875, "epoch": 2, "val/repr/loss": 8.169747352600098, "val/repr/decodability": 8.098889350891113, "val/repr/regularize": 0.07085806876420975, "val/repr/beta": 1.0, "val/repr/fit_pMlz_qMlz": 8.098889350891113, "val/repr/eval_loss": 2.6473636627197266, "val/repr/eval_acc": 0.103515625, "val/repr/eval_err": 0.896484375, "test/repr/loss": 8.177770614624023, "test/repr/decodability": 8.121394157409668, "test/repr/regularize": 0.05637681484222412, "test/repr/beta": 1.0, "test/repr/fit_pMlz_qMlz": 8.121394157409668, "test/repr/eval_loss": 2.830190658569336, "test/repr/eval_acc": 0.109375, "test/repr/eval_err": 0.890625, "lr_predictor": 3.000000000000001e-06}