{"test/repr/loss": 5.031284809112549, "test/repr/decodability": 5.031284809112549, "test/repr/regularize": 0.0, "test/repr/beta": 9.999999747378752e-06, "test/repr/I_q_zm": 1.2050845623016357, "test/repr/hat_H_m": 6.236369609832764, "test/repr/n_negatives": 511.0, "test/repr/eval_loss": 2.5886335372924805, "test/repr/eval_acc": 0.119140625, "test/repr/eval_err": 0.880859375, "epoch": 2, "trainer/global_step": 65, "_runtime": 34, "_timestamp": 1634778848, "_step": 13, "lr_predictor": 3.000000000000001e-06, "train/pred/loss": 2.112240791320801, "train/pred/acc": 0.2890625, "train/pred/err": 0.7109375, "val/pred/loss": 1.905837059020996, "val/pred/acc": 0.353515625, "val/pred/err": 0.646484375, "_wandb": {"runtime": 31}}