{"lr_issl": 4.64158883361278e-05, "lr_evaluator": 1.3924766500838338e-05, "trainer/global_step": 66, "_runtime": 91, "_timestamp": 1634769132, "_step": 24, "train/repr/loss": 4.905220985412598, "train/repr/decodability": 4.905220985412598, "train/repr/regularize": 0.0, "train/repr/beta": 1.0, "train/repr/I_q_zm": 1.331148624420166, "train/repr/hat_H_m": 6.236369609832764, "train/repr/n_negatives": 511.0, "train/repr/eval_loss": 1.2945256233215332, "train/repr/eval_acc": 0.546875, "train/repr/eval_err": 0.453125, "epoch": 2, "val/repr/loss": 5.17656135559082, "val/repr/decodability": 5.17656135559082, "val/repr/regularize": 0.0, "val/repr/beta": 1.0, "val/repr/I_q_zm": 1.0598082542419434, "val/repr/hat_H_m": 6.236369609832764, "val/repr/n_negatives": 511.0, "val/repr/eval_loss": 2.573672294616699, "val/repr/eval_acc": 0.134765625, "val/repr/eval_err": 0.865234375, "test/repr/loss": 5.151070594787598, "test/repr/decodability": 5.151070594787598, "test/repr/regularize": 0.0, "test/repr/beta": 1.0, "test/repr/I_q_zm": 1.0852992534637451, "test/repr/hat_H_m": 6.236369609832764, "test/repr/n_negatives": 511.0, "test/repr/eval_loss": 2.5886335372924805, "test/repr/eval_acc": 0.119140625, "test/repr/eval_err": 0.880859375, "lr_predictor": 3.000000000000001e-06, "train/pred/loss": 1.824812889099121, "train/pred/acc": 0.3671875, "train/pred/err": 0.6328125, "val/pred/loss": 1.924689531326294, "val/pred/acc": 0.35546875, "val/pred/err": 0.64453125, "test/pred/loss": 1.9242013692855835, "test/pred/acc": 0.3333333432674408, "test/pred/err": 0.6666666865348816, "_wandb": {"runtime": 90}}