{"test/repr/loss": 5.031284809112549, "test/repr/decodability": 5.031284809112549, "test/repr/regularize": 0.0, "test/repr/beta": 9.999999747378752e-06, "test/repr/I_q_zm": 1.2050845623016357, "test/repr/hat_H_m": 6.236369609832764, "test/repr/n_negatives": 511.0, "test/repr/eval_loss": 2.5886335372924805, "test/repr/eval_acc": 0.119140625, "test/repr/eval_err": 0.880859375, "epoch": 0, "trainer/global_step": 0, "_runtime": 18, "_timestamp": 1634779129, "_step": 1, "_wandb": {"runtime": 20}}